Autor	Titel	Absatz	Fokalisierung	Kommentar
Schiller	Der Vebrecher aus verlorener Ehre	Ich weiß, daß von den besten Geschichtschreibern neuerer Zeit und des Altertums manche sich an die erste Methode gehalten und das Herz ihres Lesers durch hinreißenden Vortrag bestochen haben. Aber diese Manier ist eine Usurpation des Schriftstellers und beleidigt die republikanische Freiheit des lesenden Publikums, dem es zukömmt, selbst zu Gericht zu sitzen; sie ist zugleich eine Verletzung der Grenzengerechtigkeit, denn diese Methode gehört ausschließend und eigentümlich dem Redner und Dichter. Dem Geschichtschreiber bleibt nur die letztere übrig.	intern	
Schiller	Der Vebrecher aus verlorener Ehre	Der Held muß kalt werden wie der Leser, oder, was hier ebensoviel sagt, wir müssen mit ihm bekannt werden, eh er handelt, wir müssen ihn seine Handlung nicht bloß vollbringen, sondern auch wollen sehen. An seinen Gedanken liegt uns unendlich mehr als an seinen Taten, und noch weit mehr an den Quellen seiner Gedanken als an den Folgen jener Taten. Man hat das Erdreich des Vesuvs untersucht, sich die Entstehung seines Brandes zu erklären; warum schenkt man einer moralischen Erscheinung weniger Aufmerksamkeit als einer physischen? Warum achtet man nicht in eben dem Grade auf die Beschaffenheit und Stellung der Dinge, welche einen solchen Menschen umgaben, bis der gesammelte Zunder in seinem Inwendigen Feuer fing? Den Träumer, der das Wunderbare liebt, reizt eben das Seltsame und Abenteuerliche einer solchen Erscheinung; der Freund der Wahrheit sucht eine Mutter zu diesen verlorenen Kindern. Er sucht sie in der unveränderlichen Struktur der menschlichen Seele und in den veränderlichen Bedingungen, welche sie von außen bestimmten, und in diesen beiden findet er sie gewiß. Ihn überrascht es nun nicht mehr, in dem nämlichen Beete, wo sonst überall heilsame Kräuter blühen, auch den giftigen Schierling gedeihen zu sehen, Weisheit und Torheit, Laster und Tugend in einer Wiege beisammen zu finden.	null	
Tieck	Die beiden merkwürdigsten Tage aus Siegmunds Leben	Er sah aus dem Fenster; es war auf der Gasse noch ziemlich hell, und selbst hell genug, um ein allerliebstes Gesichtchen im gegenüberstehenden Hause zu bemerken, das aufmerksam nach ihm hinübersah. Seine Augen begegneten ihren freundlichen Blicken, er grüßte endlich, und sie dankte verbindlich. 	intern	
Tieck	Die beiden merkwürdigsten Tage aus Siegmunds Leben	Der zukünftige Rat sah bei so guten Vorbedeutungen die Stadt mit sehr günstigen Augen an. Er träumte sich hundert angenehme Abenteuer, und sah es sehr ungern, als sich die Schöne von ihrem Fenster zurückzog, und er nur noch hinter ihren Vorhängen das Licht bemerkte, das sehr oft seine Stelle veränderte, und bald näher zum Fenster, bald weiter zurückgesetzt ward.	intern	
Karoline von Günderrode 	Geschichte eines Braminen	Sechszehn Jahre war ich alt, als mich mein Vater (welcher haben wollte, ich solle Kaufmann werden) zu einem Handelsfreund in eine der größten Städte Europens sandte. Der Eindruck, welchen die Neuheit so vieler Gegenstände auf meine Seele machte, war nicht bedeutend, denn ich betrachtete die Dinge mehr mit den Augen, als mit dem Geiste. 	intern	
Karoline von Günderrode 	Geschichte eines Braminen	Ich war genöthiget, die meisten Stunden des Tages mit Geschäften auszufüllen; diejenigen, die mir übrig blieben, wandte ich dazu an, mir Vergnügen zu machen. Ich besuchte Schauspiele, schöne Frauen, und ging mit leichtsinnigen jungen Männern um; dennoch blieb mir eine gewisse Verlegenheit und Ungeschicklichkeit im gesellschaftlichen Leben, die wir Morgenländer selten ablegen, weil unsere Lebensart sehr ungesellig ist.	intern	
Adelbert von Chamisso 	Adelberts Fabel	Er dachte: man muß die Notwendigkeit männlich ertragen, und murren gegen das Verhängte, ist töricht. Gibt es einmal Gott, daß es Tauwetter werde, so erlang ich vielleicht wohl einmal noch meine Freiheit wieder, und setze dann meine Reise fort, und benutze klug, was ich alles sehe; und unter solchen Gedanken pflegt’ er jedesmal wieder einzuschlafen. 	intern	
Adelbert von Chamisso 	Adelberts Fabel	Er war durch gründliches Nachforschen, zu dem er auch vollkommen Zeit hatte, nun dahinter gekommen, wie das Wesen des Winters so sehr bösartig sei, und er hegte einen herben Haß gegen den Frost. Die einzige Lust, die er übrigens genoß, war, durch die Eisrinde, die ihn umschloß, zu den Sternen hinzuschauen, wann sie am nächtlichen Himmel prangten, und an dem ruhigen Kreislauf des himmlischen Wagens um den Polarstern lernt’ er nach Zeiten erkennen, wann wiederum ein Jahr verstrichen war.	intern	
Johann Wolfgang Goethe 	Die wunderlichen Nachbarskinder	Dies verzieh sie ihm nie, ja sie machte so heimliche Anstalten und Versuche ihn zu beschädigen, daß die Eltern, die auf diese seltsamen Leidenschaften schon längst acht gehabt, sich miteinander verständigten und beschlossen, die beiden feindlichen Wesen zu trennen und jene lieblichen Hoffnungen aufzugeben. 	null	
Johann Wolfgang Goethe 	Die wunderlichen Nachbarskinder	Der Knabe tat sich in seinen neuen Verhältnissen bald hervor. Jede Art von Unterricht schlug bei ihm an. Gönner und eigene Neigung bestimmten ihn zum Soldatenstande. Überall wo er sich fand, war er geliebt und geehrt. Seine tüchtige Natur schien nur zum Wohlsein, zum Behagen anderer zu wirken, und er war in sich, ohne deutliches Bewußtsein, recht glücklich, den einzigen Widersacher verloren zu haben, den die Natur ihm zugedacht hatte.	null	
E. T. A. Hoffmann 	Die drei Diebe	Nie sah’ ich einen Kopf, nie eine Gestalt, die so schnell einen so tiefen Eindruck auf mich gemacht hätten. Eine sanft gebogene Nase schloss sich an eine breite, offene Stirn, mit merklichen Erhöhungen über den buschigen, halbgrauen Augenbraunen, unter denen die Augen mit beynahe wildem, jugendlichem Feuer (der Mann mochte über funfzig seyn) hervorblitzten. Das weich geformte Kinn stand in seltsamem Kontrast mit dem geschlossenen Munde, und ein skurriles Lächeln, hervorgebracht durch ein sonderbares Muskelspiel in den eingefallenen Backen, schien sich aufzulehnen gegen den tiefen, melancholischen Ernst, der auf der Stirn ruhte. Nur wenige graue Löckchen lagen hinter den grossen, vom Kopfe abstehenden Ohren. Ein sehr weiter, moderner Ueberrock hüllte die grosse, hagere Gestalt ein. So wie mein Blick auf den Mann traf, schlug er die Augen nieder, und setzte das Geschäft fort, worin ihn mein Ausruf wahrscheinlich unterbrochen hatte. Er schüttete nämlich aus verschiedenen kleinen Düten mit sichtbarem Wohlgefallen Tabak in eine vor ihm stehende grosse Dose und feuchtete ihn mit rothem Wein aus einer Viertelsflasche an. Die Musik hatte aufgehört; ich fühlte die Nothwendigkeit ihn anzureden. 	intern	
E. T. A. Hoffmann 	Die drei Diebe	Es ist gut, dass die Musik schweigt, sagte ich; das war ja nicht auszuhalten.	intern	
Heinrich von Kleist 	Der Findling	Er unterhandelte noch, in der ersten Station, mit den Wirtsleuten, über die Art und Weise, wie er seiner wieder los werden könne: als er schon auf Befehl der Polizei, welche davon Wind bekommen hatte, arretiert und unter einer Bedeckung, er, sein Sohn und Nicolo, so hieß der kranke Knabe, wieder nach Ragusa zurück transportiert ward. Alle Vorstellungen von Seiten Piachis, über die Grausamkeit dieser Maßregel, halfen zu nichts; in Ragusa angekommen, wurden nunmehr alle drei, unter Aufsicht eines Häschers, nach dem Krankenhause abgeführt, wo er zwar, Piachi, gesund blieb, und Nicolo, der Knabe, sich von dem Übel wieder erholte: sein Sohn aber, der eilfjährige Paolo, von demselben angesteckt ward, und in drei Tagen starb. 	intern	
Heinrich von Kleist 	Der Findling	Die Tore wurden nun wieder geöffnet und Piachi, nachdem er seinen Sohn begraben hatte, erhielt von der Polizei Erlaubnis, zu reisen. Er bestieg eben, sehr von Schmerz bewegt, den Wagen und nahm, bei dem Anblick des Platzes, der neben ihm leer blieb, sein Schnupftuch heraus, um seine Tränen fließen zu lassen: als Nicolo, mit der Mütze in der Hand, an seinen Wagen trat und ihm eine glückliche Reise wünschte. Piachi beugte sich aus dem Schlage heraus und fragte ihn, mit einer von heftigem Schluchzen unterbrochenen Stimme: ob er mit ihm reisen wollte? Der Junge, sobald er den Alten nur verstanden hatte, nickte und sprach: o ja! sehr gern; und da die Vorsteher des Krankenhauses, auf die Frage des Güterhändlers: ob es dem Jungen wohl erlaubt wäre, einzusteigen? lächelten und versicherten: daß er Gottes Sohn wäre und niemand ihn vermissen würde; so hob ihn Piachi, in einer großen Bewegung, in den Wagen, und nahm ihn, an seines Sohnes Statt, mit sich nach Rom.	intern	
Clemens Brentano	Die drei Nüsse	Der Bürgermeister, heftig über seine Rede erschrocken, fürchtete, der Mensch möge den Verstand verloren haben, hob ihn von der Erde auf und bat ihn freundlich: er möge ihm sagen, wie er auf so schreckliche Reden komme. Da erwiderte der Fremde: »Herr, verstellen Sie sich nicht, Sie und der Magister Möller kennen mein Verbrechen; der Vers von den drei Nüssen beweist es: tertia mors est, die dritte ist der Tod; ja, ja, eine bleierne Kugel war es, ein Druck des Fingers, und er schlug nieder. Sie haben sich verabredet, mich zu peinigen, Sie werden mich ausliefern, ich werde durch Sie unter das Schwert kommen.« 	extern	
Clemens Brentano	Die drei Nüsse	Der Bürgermeister glaubte nun die Verrücktheit des Alchimisten gewiß und suchte ihn durch freundliches Zureden zu beruhigen. Er aber ließ sich nicht beruhigen und sprach: »Wenn Sie es auch nicht wissen, so weiß es doch Ihr Hofmeister gewiß, denn er sah mich durchdringend an, als er sagte: ›tertia mors est‹.« Nun konnte der Bürgermeister nichts anders tun, als ihn bitten, ruhig zu Bette zu gehen, und ihm sein Ehrenwort zu geben, daß weder er noch Möller ihn verraten würden, wenn irgend etwas Wahres an seinem Unglücke sein sollte. Der Unglückliche aber wollte ihn nicht eher verlassen, bis Möller gerufen war und ihm auch heilig beteuerte, daß er ihn nicht verraten wolle; denn daß auch er nicht das mindeste von seinem Unglücke wisse, wollte er sich auf keine Weise überreden lassen.	intern	
Jean Paul 	Die wunderbare Gesellschaft in der Neujahrsnacht	Und gerade am Nachmittage, wo ich mein Inneres mit Trauertuch ausschlug und den Flor anlegte für das einschlummernde Jahrhundert, war ich ganz allein in meinem Schlößlein zu Mittelspitz – Hermine war in der Stadt bei einer kranken Freundin und wollte erst nachts heimkommen, »obwohl noch in diesem Jahrhundert«, nach dem gewöhnlichen säkularischen Scherz, den der Mensch nicht lassen kann – ich saß oben einsam in meinem Museum, unsere Magd war unten im Bedientenzimmer – wegen der grimmigen Kälte lagen alle Lehnsmänner meiner mittelspitzischen Krone in ihre Schneckenhäuschen eingespündet, und das dunkle Dörfchen war still. – 	intern	
Jean Paul 	Die wunderbare Gesellschaft in der Neujahrsnacht	Mir war nicht wohl, sondern etwa so in meiner Haut, als hätte sie mir Nero harzig anpichen und annähen lassen, um mich in seinem Garten zu lanternisieren. Ein ätzenderes Sublimat für flüssige Gelehrten-Nerven konnte wohl schwerlich erdacht werden, als rechte Dezemberkälte ist; jeder Schnee ist ein Märzschnee, der sie abfrisset, der Frost ist ein Baumheber für unsere Wurzeln, kurz, wenn Todes- und Fieberkälte ein Autodafé ist, so ist Winterkälte ein Autillodafé. Leben kann man ohnehin nicht, nur leiden. So schwächten nun Frost und Migräne gemeinschaftlich alle Entschlossenheit in mir, die ohnehin zur Winterszeit in keinem Wesen zunimmt, das nicht gerade ein Wolf ist.	intern	
Franz Grillparzer 	Das Kloster bei Sendomir	Das bereits abendlich verschlossene Tor ward den Einlaßheischenden geöffnet, und der Pförtner hieß sie eintreten in die geräumige Gaststube, wo Erfrischung und Nachtruhe ihrer warte; obgleich, wie er entschuldigend hinzusetzte, der Abt und die Konventualen, bereits zur Vesper im Chor versammelt, sich für heute die Bewillkommung so werter Gäste versagen müßten. Die Angabe des etwas mißtrauisch blickenden Mannes ward durch den eintönigen Zusammenklang halb sprechend, halb singend erhobener Stimmen bekräftigt, die, aus dämpfender Ferne durch die hallenden Gewölbe sich hinwindend, den Chorgesang einer geistlichen Gemeine deutlich genug bezeichneten. 	extern	
Franz Grillparzer 	Das Kloster bei Sendomir	Die beiden Fremden traten in das angewiesene Gemach, welches, obgleich wie das ganze Kloster offenbar erst seit kurzem erbaut, doch altertümliche Spitzformen mit absichtlicher Genauigkeit nachahmte. Weniges, doch anständiges Geräte war rings an den Wänden verteilt. Die hohen Bogenfenster gingen ins Freie, wo der im Osten aufsteigende Mond, mit der letzten Abendhelle kämpfend, nur sparsame Schimmer auf die Erhöhungen des hüglichten Bodens warf, indes in den Falten der Täler und unter den Bäumen des Forstes sich allgemach die Nacht mit ihrem dunkeln Gefolge lagerte, und stille Ruhe, hold vermischend, ihren Schleier über Belebtes und Unbelebtes ausbreitete.	null	
Eduard Mörike 	Lucie Gelmeroth	Die Gesellschaft war schon im Begriff auseinander zu gehen, als ihre Unterhaltung noch einige Augenblicke bei einer Stadtbegebenheit verweilte, die das Publicum sehr zu beschäftigen schien und alsbald auch meine Aufmerksamkeit im höchsten Grad erregte. Ich hörte einen mir aus alter Zeit gar wohlbekannten Namen nennen; allein es war von einer Missethäterin die Rede, von einem Mädchen, das eines furchtbaren Verbrechens geständig seyn sollte; unmöglich konnte es eine und dieselbe Person mit derjenigen seyn, die mir im Sinne lag. Und doch, es hieß ja immer: Lucie Gelmeroth, und wieder: Lucie Gelmeroth; es wurde zuletzt ein Umstand berührt, der mir keinen Zweifel mehr übrig ließ; der Bissen stockte mir im Munde, ich saß wie gelähmt. 	intern	
Eduard Mörike 	Lucie Gelmeroth	Dieß Mädchen war die jüngere Tochter eines vordem sehr wohlhabenden Kaufmanns. Als Nachbarskinder spielten wir zusammen, und ihr liebliches Bild hat, in so vielen Jahren, niemals bei mir verwischt werden können. Das Geschäft ihres Vaters gerieth, nachdem ich lange die Heimath verlassen, in tiefen Zerfall, bald starben beide Eltern. Vom Schicksal ihrer Hinterbliebenen hatte ich die ganze Zeit kaum mehr Etwas gehört; ich hätte aber wohl, auch ohne auf eine so traurige Art, wie eben geschah, an die Familie erinnert zu werden, in keinem Fall versäumt sie aufzusuchen. Ich ward, was des Mädchens Vergehen betrifft, aus dem Gespräch der Herren nicht klug, die sich nun überdieß entfernten; da ich jedoch den Prediger S., einen Bekannten meines väterlichen Hauses, als Beichtiger der Inquisitin hatte nennen hören, so sollte ein Besuch bei ihm mein erster Ausgang seyn, das Nähere der Sache zu vernehmen.	intern	
Adalbert Stifter 	Der Condor	So sagte ich ungefähr zu dem Kater, er aber drehte seine Augen, als verstände er meine Rede, noch einmal so groß und noch einmal so freundlich gegen mich, daß sie wie Glimmerscheiben leuchteten, und die Seite seines weichen Felles gegen meine Hand krümmend und stemmend, hob er sofort sein traulich Spinnen an, während ich fortfuhr, mit ihm zu kosen: »Man sieht viel in einer langen Mondnacht, das wirst du wissen, Lieber, wenn du sonst Beobachtungsgeist besitzest; aber siehe, ich wußte es nicht, da ich nie Zeit hatte, eine so recht von Herzen anzuschauen, allein in diesem Harren und Schauen nach dem Himmel, namentlich da der gehoffte Weltkörper immer nicht kam, hatte ich Muße genug, den Lebenslauf einer Frühlingsnacht zu studieren.« 	intern	
Adalbert Stifter 	Der Condor	Da aber alles wahr ist, was ich da meinem lieben Freunde Hinze eröffnete, so sehe ich nicht ab, warum ich es nicht auch einem noch liebern Menschenauge eröffnen, dem einst dieses Blatt vorkommen könnte, warum ich nicht sagen sollte, daß mich wirklich ein närrisches und unglückliches Verhängnis an dieses Fenster kettete und meine Blicke die ganze Nacht in die Lüfte bannte. Es will fast närrisch sein, aber jeder säße auch bei mir hieroben, wenn er vorher das erlebt hätte, was ich.	intern	
Theodor Storm 	Bulemanns Haus	Und wirklich wollen lustige Brüder, die von nächtlichen Schmäusen dort vorbeigekommen, ein Gequieke wie von unzähligen Mäusen hinter den dunkeln Fenstern gehört haben. Einer, der im Übermut den Türklopfer anschlug, um den Widerhall durch die öden Räume schollern zu hören, behauptet sogar, er habe drinnen auf den Treppen ganz deutlich das Springen großer Tiere gehört. »Fast«, pflegt er, dies erzählend hinzuzusetzen, »hörte es sich an wie die Sprünge der großen Raubtiere, welche in der Menageriebude auf dem Rathausmarkte gezeigt wurden.« 	null	
Theodor Storm 	Bulemanns Haus	Das gegenüberstehende Haus ist um ein Stockwerk niedriger, so daß nachts das Mondlicht ungehindert in die oberen Fenster des alten Hauses fallen kann. Aus einer solchen Nacht hat auch der Wächter etwas zu erzählen; aber es ist nur ein kleines altes Menschenantlitz mit einer bunten Zipfelmütze, das er droben hinter den runden Erkerfenstern gesehen haben will. Die Nachbarn dagegen meinen, der Wächter sei wieder einmal betrunken gewesen; sie hätten drüben an den Fenstern niemals etwas gesehen, das einer Menschenseele gleich gewesen.	null	
Joseph von Eichendorff 	Auch ich war in Arkadien	Die Deutschen, fand ich, waren unterdes französisch, die Franzosen deutsch, beide aber wiederum ein wenig polnisch geworden; jeder wenigstens verlangt das liberum veto für sich und möchte in Europa einen großen polnischen Reichstag stiften. Ich gestehe, daß mir weder das Polnische noch das Französische so gar geläufig ist, und ich stand daher ziemlich verblüfft da in meinem altdeutschen Rocke. Doch zur Sache: 	intern	
Joseph von Eichendorff 	Auch ich war in Arkadien	Eines Tages kehrte ich in dem, dir wohl noch bekannten, großen Gasthofe »Zum goldenen Zeitgeist« ein. Das war, wie du dich erinnern wirst, zu unserer Zeit die ästhetische Börse der Schöngeister, wo wir bei einem Schoppen sauern Landweines gemütlich die Valuta und den täglichen Kurs der Poeten notierten. Da ging es damals ziemlich still her, denn wir hatten alle mehr Witz als Geld. Höchstens einige Gitarrenklänge, ein paar Toasts oder ein leidlicher Lärm, wenn wir um Schlegels Luzinde zankten, oder einen zufällig verlaufenen Kotzebuaner herausschmissen. Ich fragte sogleich eifrig nach den alten Gesellen. Aber sie waren wie verschollen, man wollte sich nicht einmal ihrer Namen mehr zu entsinnen wissen. Einen nur wies mir der Kellner mit ironischem Lächeln nach: vom »Goldenen Zeitgeiste« links ab, die erste Quergasse rechts, dann ins nächste Sackgäßchen wieder halb links ab bis ans Ende – ich glaube, der ironische Kellner wollte mich zur Welt hinausweisen. Nun ist es allerdings richtig: einige hat seitdem der Pegasus abgeworfen, andere haben ihn selbst abgeschafft, weil er Futter braucht und keines gibt. Genug, auch hier war alles verwandelt.	intern	
Karl Emil Franzos 	»Baron Schmule«	Aber auch er war ursprünglich ein Kreisel und nur durch ein Ereignis ist er zum Pfeil geworden: durch einen Peitschenhieb. Es ist eine sonderbare Geschichte … Vor mehr als fünfzig Jahren war’s, da lebte in Z. eine blutarme Witwe, die sich und ihren Sohn durch ein Gewerbe ernährte, von dem zwei Menschen in einem so kleinen Städtchen schwerlich satt werden; sie war eine Zuckerbäckerin. Die Frau hieß Miriam Runnstein. Der Sohn half der Mutter, kaum daß er gehen und rechnen konnte: er war Verkäufer der Ware. Unermüdlich lief der kleine Schmule durch die Straßen und rief: »Kauft Fladen! Fladen und Zuckermandeln! Kauft! kauft!« Aber es giebt wenige Näscher in der »Gasse«, und Hochzeiten und Beschneidungen, wo man eine Zuckerbäckerin ins Haus nimmt, kommen auch nicht täglich vor. Die Kreuzer flossen nur sehr spärlich in die kleine Wirtschaft, und der Hunger thut weh; der arme Schmule weinte oft bittere Thränen über feinen süßen Kram. 	null	
Karl Emil Franzos 	»Baron Schmule«	Die beste Kundschaft, die er hatte, wohnte eine halbe Meile vom Städtchen, hoch oben auf dem Schlosse. Dieses Schloß gehörte damals dem Baron Wodnicki, Alfred Wodnicki, der überaus reich war und trotz seiner Verschwendung kaum mehr verbrauchen konnte, als das Erträgnis seiner ungeheuren Güter. Er lebte fast nie auf dem Schlosse, weil es ihm dort zu still und zu langweilig war, sondern entweder in Paris oder in Baden-Baden. Und zwar lebte er in Baden-Baden, wenn seine Frau in Paris war, und ging nach Paris, wenn seine Frau nach Baden-Baden kam. Es war das eine friedliche Vereinbarung zwischen den Gatten und sie vertrugen sich im Übrigen ganz gut. Auch der einzige Sprößling aus dieser Ehe, der junge Baron Wladislaus, lebte nicht auf dem Schlosse, sondern wurde in einer Jesuitenschule bei Krakau erzogen. Es hauste also oben nur das Gesinde. Nun kennt man vielleicht das Sprichwort der Polen: »Er ist faul und genäschig wie ein Lakai.« Das traf auch diesmal zu. Der kleine Schmule fand immer seine Rechnung dabei, wenn er mit seinem Korbe hinaufgekeucht kam, und machte daher unverdrossen in Sonnenhitze und Winterkälte den weiten Weg. Freilich bekam er schier zu jedem Kreuzer auch einen Puff, aber daran wird ein jüdisch Kind in Podolien mit der Zeit gewöhnt. So war er allmählich dreizehn Jahre alt geworden und wer weiß, wie lange er noch mit den Fladen und den Zuckermandeln seiner Mutter herumhausiert hätte, wäre nicht jenes Ereignis eingetreten, welches ihn aus einem Kreisel zu einem Pfeil machte.	null	
Gottfried Keller 	Der Narr auf Manegg	Der Schreiber dieser Zeilen war aber nicht unter den thöricht lachenden Ahnen, die hier im Exil hingen, zu finden; derselbe weilte vielmehr, von einem guten Künstler gemalt, in einer ganz anderen Stadt in der Gemäldesammlung eines dortigen Liebhabers. Es war ein ernsthafter Mann in der Tracht des siebzehnten Jahrhunderts, dessen eisengraue Augenbrauen und Knebelbart wie Sturmfahnen zu flattern schienen. 	null	
Gottfried Keller 	Der Narr auf Manegg	Nicht nur als eifriger Antipapist lebte er im Gedächtnis, sondern als ein Ungläubiger und Unbotmäßiger überhaupt, der zu verschiedenen Malen verwarnt und gebüßt worden sei; und da eine geheime Tradition im Hause dahin lautete, daß es besser wäre, wenn nie eine Empörung stattgefunden hätte, nie ein König enthauptet worden und auch keine Kirchentrennung entstanden wäre, so war das Bild von einem Nachkommen für unangenehm befunden und einem fremden Kenner guter Sachen verkauft worden. Noch lieber hätte man längst das kleine Bildchen mit der frechen Aufschrift entfernt. Allein es ging die abergläubische Sage, daß jedes Mal, so oft dies versucht würde, der alte Empörer nächtlich umgehe und mit entsetzlichen Hammerschlägen das Rähmlein wieder an der Wand befestige; der Schreck habe einst einen Hausgenossen so angegriffen, daß er daran gestorben sei.	null	
Conrad Ferdinand Meyer 	Plautus im Nonnenkloster	Den frischen Kummer, auf welchen Cosmus als auf etwas Stadtbekanntes anspielte, hatte dem greisen Poggio – dem jetzigen Sekretär der florentinischen Republik und dem vormaligen von fünf Päpsten, dem früheren Kleriker und späteren Ehemanne – einer seiner Söhne verursacht, welche alle herrlich begabt waren und alle nichts taugten. Dieser Elende hatte die greisen Haare des Vaters mit einer Tat beschimpft, die nahe an Raub und Diebstahl grenzte und dem für den Sohn einstehenden, sparsamen Poggio überdies eine empfindliche ökonomische Einbuße zuzog. 	null	
Conrad Ferdinand Meyer 	Plautus im Nonnenkloster	Nach einem kurzen Besinnen antwortete der Greis: »Jene Possen oder ähnliche, die dir schmecken, mein Cosmus, kleiden, wie üppige Kränze, nur braune Locken und mißziemen einem zahnlosen Munde.« Er lächelte und zeigte noch eine hübsche Reihe weißer Zähne. »Und« – seufzte er – »nur ungern kehre ich zu jenen Jugendlichkeiten, wie harmlos im Grunde sie sein mögen, zurück, jetzt da ich die Unbefangenheit meiner Standpunkte und die Läßlichkeit meiner Lebensauffassung bei meinem Sohne – ich weiß nicht kraft welches unheimlichen Gesetzes der Steigerung – zu unerträglicher Frechheit, ja zur Ruchlosigkeit entarten sehe.«	extern	
Marie von Ebner-Eschenbach 	Krambambuli	Dem Jäger lachte das Herz im Leibe über den prächtigen Handel, den er gemacht hatte. Er stand nun auf, ergriff die Leine, die zu verknoten dem Vazierenden endlich gelungen war, und fragte: »Wie heißt er denn?« – »Er heißt wie das, wofür Ihr ihn kriegt: Krambambuli«, lautete die Antwort. – »Gut, gut, Krambambuli! So komm! Wirst gehen? Vorwärts!« – Ja, er konnte lange rufen, pfeifen, zerren – der Hund gehorchte ihm nicht, wandte den Kopf dem zu, den er noch für seinen Herrn hielt, heulte, als dieser ihm zuschrie: »Marsch!« und den Befehl mit einem tüchtigen Fußtritt begleitete, suchte sich aber immer wieder an ihn heranzudrängen. Erst nach einem heißen Kampfe gelang es Herrn Hopp, die Besitzergreifung des Hundes zu vollziehen. Gebunden und geknebelt musste er zuletzt in einem Sacke auf die Schulter geladen und so bis in das mehrere Wegstunden entfernte Jägerhaus getragen werden. 	intern	
Marie von Ebner-Eschenbach 	Krambambuli	Zwei volle Monate brauchte es, bevor Krambambuli, halb totgeprügelt, nach jedem Fluchtversuche mit dem Stachelhalsband an die Kette gelegt, endlich begriff, wohin er jetzt gehöre. Dann aber, als seine Unterwerfung vollständig geworden war, was für ein Hund wurde er da! Keine Zunge schildert, kein Wort ermisst die Höhe der Vollendung, die er erreichte, nicht nur in der Ausübung seines Berufes, sondern auch im täglichen Leben als eifriger Diener, guter Kamerad und treuer Freund und Hüter. »Dem fehlt nur die Sprache«, heißt es von anderen intelligenten Hunden – dem Krambambuli fehlte sie nicht; sein Herr zum mindesten pflog lange Unterredungen mit ihm. Die Frau des Revierjägers wurde ordentlich eifersüchtig auf den »Buli«, wie sie ihn geringschätzig nannte. Manchmal machte sie ihrem Manne Vorwürfe. Sie hatte den ganzen Tag, in jeder Stunde, in der sie nicht aufräumte, wusch oder kochte, schweigend gestrickt. Am Abend, nach dem Essen, wenn sie wieder zu stricken begann, hätte sie gern eins dazu geplaudert.	null	
Heinrich Mann	Ein Verbrechen	»Was die große Leidenschaft anbetrifft, so liegt das Übel darin, daß sie sich niemals auf beiden Seiten gleich groß findet. Ist sie nun auf eurer Seite größer, so ist das ein Unglück, aber hier kann man sagen: gegen Leiden hilft Tätigkeit, manchmal wenigstens. Wächst euch dagegen die Leidenschaft der Frau über den Kopf, so ruht ihr am Fuß eines Vulkans aus, der Schwefelregen wird euch begraben. Ich werde vielleicht zu tief, das wäre schade; also will ich euch lieber gleich die Geschichte erzählen, der ich meine Philosophie verdanke. 	extern	
Heinrich Mann	Ein Verbrechen	Als ich im Jahre 82 nach M. versetzt wurde, war ich an eine großstädtische Lebensweise gewöhnt und fand das Dasein in dem Neste etwas kärglich. Die Leute aßen recht gut, aber in ihren Sitten waren es Kleinbürger. Das einzige Haus, wo man sich mitunter gut unterhielt, war das eines reichen Kaufmannes namens Starke, der mit Fellen, Pelzen oder so etwas Ähnlichem handelte. Er hatte eine Frau, die ich, als ein Kamerad mich ihr vorstellte, wiedererkannte; ich hatte sie auf der Straße zwar nur von hinten gesehen, aber sie übertrieb beim Gehen das Wiegen ihrer Hüften, Sie hatte eine zu kurze, doch vollkommen runde Taille und auffallend schweres braunes Haar. Außerdem war ihre Nase von entzückender Feinheit, mit leicht beweglichen Flügeln. Wenn sie lächelte, biß sie mit den spitzen weißen Zähnen in ihre blutroten Lippen wie in einen Pfirsich, und ihre grauen Augen blickten dazu voll träumerisch versteckter Neugierde. Später habe ich in großen Momenten silberne Schlangen darin aufzüngeln gesehen.	extern	
Hugo von Hofmannsthal 	Erlebnis des Marschalls von Bassompierre	Im Weiterreiten fragte ich den Bedienten, ob er nicht etwa einen Ort wüßte, wo ich mit der Frau zusammenkommen könnte. Er antwortete, daß er sie zu einer gewissen Kupplerin führen wollte; da er aber ein sehr besorgter und gewissenhafter Mensch war, dieser Diener Wilhelm aus Courtrai, so setzte er gleich hinzu: da die Pest sich hie und da zeige und nicht nur Leute aus dem niedrigen und schmutzigen Volk, sondern auch ein Doktor und ein Domherr schon daran gestorben seien, so rate er mir, Matratzen, Decken und Leintücher aus meinem Hause mitbringen zu lassen. Ich nahm den Vorschlag an, und er versprach, mir ein gutes Bett zu bereiten. Vor dem Absteigen sagte ich noch, er solle auch ein ordentliches Waschbecken dorthin tragen, eine kleine Flasche mit wohlriechender Essenz und etwas Backwerk und Äpfel; auch solle er dafür sorgen, daß das Zimmer tüchtig geheizt werde, denn es war so kalt, daß mir die Füße im Bügel steif gefroren waren, und der Himmel hing voll Schneewolken. 	intern	
Hugo von Hofmannsthal 	Erlebnis des Marschalls von Bassompierre	Den Abend ging ich hin und fand eine sehr schöne Frau von ungefähr zwanzig Jahren auf dem Bette sitzen, indes die Kupplerin, ihren Kopf und ihren runden Rücken in ein schwarzes Tuch eingemummt, eifrig in sie hineinredete. Die Tür war angelehnt, im Kamin lohten große frische Scheiter geräuschvoll auf, man hörte mich nicht kommen, und ich blieb einen Augenblick in der Tür stehen. Die Junge sah mit großen Augen ruhig in die Flamme; mit einer Bewegung ihres Kopfes hatte sie sich wie auf Meilen von der widerwärtigen Alten entfernt; dabei war unter einer kleinen Nachthaube, die sie trug, ein Teil ihrer schweren dunklen Haare vorgequollen und fiel, zu ein paar natürlichen Locken sich ringelnd, zwischen Schulter und Brust über das Hemd. Sie trug noch einen kurzen Unterrock von grünwollenem Zeug und Pantoffeln an den Füßen. In diesem Augenblick mußte ich mich durch ein Geräusch verraten haben: Sie warf ihren Kopf herum und bog mir ein Gesicht entgegen, dem die übermäßige Anspannung der Züge fast einen wilden Ausdruck gegeben hätte, ohne die strahlende Hingebung, die aus den weit aufgerissenen Augen strömte und aus dem sprachlosen Mund wie eine unsichtbare Flamme herausschlug. Sie gefiel mir außerordentlich; schneller, als es sich denken läßt, war die Alte aus dem Zimmer und ich bei meiner Freundin. Als ich mir in der ersten Trunkenheit des überraschenden Besitzes einige Freiheiten herausnehmen wollte, entzog sie sich mir mit einer unbeschreiblich lebenden Eindringlichkeit zugleich des Blickes und der dunkeltönenden Stimme. Im nächsten Augenblick aber fühlte ich mich von ihr umschlungen, die noch inniger mit dem fort und fort empordrängenden Blick der unerschöpflichen Augen als mit den Lippen und den Armen an mir haftete; dann wieder war es, als wollte sie sprechen, aber die von Küssen zuckenden Lippen bildeten keine Worte, die bebende Kehle ließ keinen deutlicheren Laut als ein gebrochenes Schluchzen empor.	intern	
Karl May 	Sonnenscheinchen	Die Frau Major war eine schöne, schlanke, aber blasse Dame. Sie trug zwar einen Schleier, hatte ihn aber trotz des Sonnenscheins, der rundum licht auf den Fluren lag, zurückgeschlagen, um die gesunde, reine Bergesluft frei einatmen zu können. Ihre Augen hatten fast die Farbe der Veilchen, die sich schon hier und da im Grase sonnten; sie schaute so sinnend, so eigentümlich träumerisch in die Welt hinein. Was für Augen das wohl waren? Diese Frage wußte der Herr Lehrer am besten zu beantworten. Er war in den vorigen Ferien in der Residenz gewesen und hatte bei Majors mitspeisen dürfen. Da hatte er mit der Dame viel gesprochen und dann nach seiner Rückkehr im Dorfe berichtet: »Sie ist hochgebildet und außerordentlich ideal; darum faßt sie alles von der poetischen Seite auf. Ja, sie macht sogar Gedichte, wenn es paßt!« 	null	
Karl May 	Sonnenscheinchen	Das ›Majörle‹, welches im Wagen rückwärts saß, war nicht in Zivil. Seine elfjährige Gestalt steckte in der schönen, bunten Uniform, welche ihm zu Weihnachten vom Christkindlein beschert worden war. Daheim durfte sie nur im Zimmer getragen werden; auf der Straße war es verboten. Aber hier im Dorfe, das war etwas ganz anderes! Das ›Majörle‹ hatte rundweg erklärt, daß es diese Reise in das Gebirge nicht mitmachen werde, wenn es die Uniform nicht anziehen dürfe, und dieser militärisch feste Wille war nach langen, elterlichen Gegenreden schließlich mit dem schuldigen Respekt begriffen und ausgeführt worden. In der Rangliste der Knabenzeit steht das ›Majörle‹ über dem Major. Man hat ihm zu gehorchen!	null	
Thomas Mann 	Wälsungenblut	»Nun, er wird kommen. Wie wird er nicht kommen? Er spart ein Frühstück im Restaurant«, antwortete Frau Aarenhold, indem sie auf dem dicken Läufer geräuschlos über die Treppe kam, auf deren Absatz eine kleine, uralte Kirchenorgel stand. 	extern	
Thomas Mann 	Wälsungenblut	Herr Aarenhold blinzelte. Seine Frau war unmöglich. Sie war klein, häßlich, früh gealtert und wie unter einer fremden, heißeren Sonne verdorrt. Eine Kette von Brillanten lag auf ihrer eingefallenen Brust. Sie trug ihr graues Haar in vielen Schnörkeln und Ausladungen zu einer umständlichen und hochgebauten Coiffure angeordnet, in welcher, irgendwo seitwärts, eine große, farbig funkelnde und ihrerseits mit einem weißen Federbüschel gezierte Brillant-Agraffe befestigt war. Herr Aarenhold und die Kinder hatten ihr diese Haartracht mehr als einmal mit gut gesetzten Worten verwiesen. Aber Frau Aarenhold bestand mit Zähigkeit auf ihren Geschmack. 	null	
Alfred Döblin 	Die Ermordung einer Butterblume	Es blieb, als der Herr immer ruhig und achtlos seines Weges zog, an dem spärlichen Unkraut hängen. Da hielt der ernste Herr nicht inne, sondern ruckte, weiter schlendernd, nur leicht am Griff, schaute sich dann am Arm festgehalten verletzt um, riß erst vergebens, dann erfolgreich mit beiden Fäusten das Stöckchen los und trat atemlos mit zwei raschen Blicken auf den Stock und den Rasen zurück, so daß die Goldkette auf der schwarzen Weste hochsprang. 	extern	
Alfred Döblin 	Die Ermordung einer Butterblume	Außer sich stand der Dicke einen Augenblick da. Der steife Hut saß ihm im Nacken. Er fixierte die verwachsenen Blumen, um dann mit erhobenem Stock auf sie zu stürzen und blutroten Gesichts auf das stumme Gewächs loszuschlagen. Die Hiebe sausten rechts und links. Über den Weg flogen Stiele und Blätter.	extern	
Arthur Schnitzler 	Die Toten schweigen	Er sah auf die Uhr … Sieben – und schon völlige Nacht. Der Herbst ist diesmal früh da. Und der verdammte Sturm. 	intern	
Arthur Schnitzler 	Die Toten schweigen	Er stellte den Kragen in die Höhe und ging rascher auf und ab. Die Laternenfenster klirrten. »Noch eine halbe Stunde«, sagte er zu sich, »dann kann ich gehen. Ah – ich wollte beinahe, es wäre so weit.« Er blieb an der Ecke stehen; hier hatte er einen Ausblick auf beide Straßen, von denen aus sie kommen könnte.	intern	
Georg Heym	Der Irre	Er war also frei. Es war aber auch höchste Zeit, daß sie ihn herausgelassen hatten, denn sonst hätte er alle umgebracht, alle miteinander. Den dicken Direktor, den hätte er an seinem roten Spitzbart gekriegt und ihn unter die Wurstmaschine gezogen. Ach, was war das für ein widerlicher Kerl. Wie der immer lachte, wenn er durch die Fleischerei kam. 	intern	
Georg Heym	Der Irre	Teufel, das war ein ganz widerwärtiger Kerl.	intern	
Franz Kafka	Das Urteil	Was wollte man einem solchen Manne schreiben, der sich offenbar verrannt hatte, den man bedauern, dem man aber nicht helfen konnte. Sollte man ihm vielleicht raten, wieder nach Hause zu kommen, seine Existenz hierher zu verlegen, alle die alten freundschaftlichen Beziehungen wieder aufzunehmen – wofür ja kein Hindernis bestand – und im übrigen auf die Hilfe der Freunde zu vertrauen? Das bedeutete aber nichts anderes, als daß man ihm gleichzeitig, je schonender, desto kränkender, sagte, daß seine bisherigen Versuche mißlungen seien, daß er endlich von ihnen ablassen solle, daß er zurückkehren und sich als ein für immer Zurückgekehrter von allen mit großen Augen anstaunen lassen müsse, daß nur seine Freunde etwas verstünden und daß er ein altes Kind sei und den erfolgreichen, zu Hause gebliebenen Freunden einfach zu folgen habe. Und war es dann noch sicher, daß alle die Plage, die man ihm antun müßte, einen Zweck hätte? Vielleicht gelang es nicht einmal, ihn überhaupt nach Hause zu bringen – er sagte ja selbst, daß er die Verhältnisse in der Heimat nicht mehr verstünde –, und so bliebe er dann trotz allem in seiner Fremde, verbittert durch die Ratschläge und den Freunden noch ein Stück mehr entfremdet. Folgte er aber wirklich dem Rat und würde hier – natürlich nicht mit Absicht, aber durch die Tatsachen – niedergedrückt, fände sich nicht in seinen Freunden und nicht ohne sie zurecht, litte an Beschämung, hätte jetzt wirklich keine Heimat und keine Freunde mehr; war es da nicht viel besser für ihn, er blieb in der Fremde, so wie er war? Konnte man denn bei solchen Umständen daran denken, daß er es hier tatsächlich vorwärts bringen würde? 	null	
Franz Kafka	Das Urteil	Aus diesen Gründen konnte man ihm, wenn man überhaupt noch die briefliche Verbindung aufrecht erhalten wollte, keine eigentlichen Mitteilungen machen, wie man sie ohne Scheu auch den entferntesten Bekannten geben würde. Der Freund war nun schon über drei Jahre nicht in der Heimat gewesen und erklärte dies sehr notdürftig mit der Unsicherheit der politischen Verhältnisse in Rußland, die demnach also auch die kürzeste Abwesenheit eines kleinen Geschäftsmannes nicht zuließen, während hunderttausende Russen ruhig in der Welt herumfuhren. Im Laufe dieser drei Jahre hatte sich aber gerade für Georg vieles verändert. Von dem Todesfall von Georgs Mutter, der vor etwa zwei Jahren erfolgt war und seit welchem Georg mit seinem alten Vater in gemeinsamer Wirtschaft lebte, hatte der Freund wohl noch erfahren und sein Beileid in einem Brief mit einer Trockenheit ausgedrückt, die ihren Grund nur darin haben konnte, daß die Trauer über ein solches Ereignis in der Fremde ganz unvorstellbar wird. Nun hatte aber Georg seit jener Zeit, so wie alles andere, auch sein Geschäft mit größerer Entschlossenheit angepackt. Vielleicht hatte ihn der Vater bei Lebzeiten der Mutter dadurch, daß er im Geschäft nur seine Ansicht gelten lassen wollte, an einer wirklichen eigenen Tätigkeit gehindert. Vielleicht war der Vater seit dem Tode der Mutter, trotzdem er noch immer im Geschäft arbeitete, zurückhaltender geworden, vielleicht spielten – was sogar sehr wahrscheinlich war – glückliche Zufälle eine weit wichtigere Rolle, jedenfalls aber hatte sich das Geschäft in diesen zwei Jahren ganz unerwartet entwickelt. Das Personal hatte man verdoppeln müssen, der Umsatz sich verfünffacht, ein weiterer Fortschritt stand zweifellos bevor.	null	
